,Unnamed: 0,date,value,state,6MAvg,3MAvg,yearAvg,voteRate,swingIndex,demRatio
0,596,1976-11-01,7.0,Alabama,6.75,6.900000000000001,6.654545454545455,54.6,0.0666672397785496,0.5666672397785496
1,644,1980-11-01,9.5,Alabama,9.316666666666666,9.466666666666667,8.641666666666667,56.4,0.0067633830703947,0.4932366169296053
2,692,1984-11-01,10.5,Alabama,10.966666666666667,10.700000000000001,11.466666666666667,60.8,0.1126339535131827,0.3873660464868173
3,740,1988-11-01,7.3,Alabama,7.266666666666667,7.3,7.291666666666667,56.9,0.0974556839808891,0.4025443160191109
4,788,1992-11-01,7.4,Alabama,7.5,7.4333333333333345,7.516666666666666,63.6,0.0382112645990299,0.4617887354009701
5,836,1996-11-01,5.1,Alabama,5.083333333333333,5.066666666666667,5.241666666666667,55.6,0.0373387115368895,0.4626612884631105
6,884,2000-11-01,4.6,Alabama,4.6,4.6,4.624999999999999,59.6,0.076069419213311,0.423930580786689
7,932,2004-11-01,5.2,Alabama,5.449999999999999,5.300000000000001,5.641666666666667,61.8,0.1289777135228225,0.3710222864771775
8,980,2008-11-01,7.3,Alabama,6.383333333333333,6.900000000000001,5.6000000000000005,60.8,0.1089090275357267,0.3910909724642732
9,1028,2012-11-01,7.8,Alabama,8.016666666666666,7.833333333333333,8.241666666666667,59.9,0.1121622853343771,0.3878377146656229
10,1076,2016-11-01,5.8,Alabama,5.883333333333334,5.866666666666667,5.941666666666666,56.3712,0.1437414359396074,0.3562585640603926
11,1124,2020-11-01,4.8,Alabama,6.383333333333333,5.300000000000001,6.291666666666667,59.6,0.1291137483335472,0.3708862516664528
12,58,1980-11-01,9.5,Alaska,9.866666666666667,9.700000000000001,9.483333333333334,56.8,0.1729918564484112,0.3270081435515888
13,106,1984-11-01,9.6,Alaska,9.75,9.666666666666666,9.933333333333334,59.1,0.1905591264771639,0.3094408735228361
14,154,1988-11-01,8.3,Alaska,8.616666666666667,8.466666666666667,8.85,59.4,0.121633174342534,0.378366825657466
15,202,1992-11-01,8.4,Alaska,8.75,8.566666666666665,8.924999999999999,68.6,0.0657426203867017,0.4342573796132983
16,250,1996-11-01,7.3,Alaska,7.266666666666667,7.233333333333333,7.449999999999999,59.5,0.1042850250583382,0.3957149749416618
17,298,2000-11-01,6.3,Alaska,6.383333333333334,6.366666666666667,6.308333333333334,65.5,0.1793694856372918,0.3206305143627081
18,346,2004-11-01,7.2,Alaska,7.316666666666666,7.233333333333333,7.45,65.0,0.1322628298124631,0.3677371701875368
19,394,2008-11-01,6.7,Alaska,6.566666666666666,6.633333333333333,6.416666666666667,62.4,0.1106478491659709,0.389352150834029
20,442,2012-11-01,7.1,Alaska,7.166666666666667,7.1,7.283333333333334,56.0,0.0731529048156037,0.4268470951843963
21,490,2016-11-01,6.7,Alaska,6.666666666666667,6.7,6.575,59.4061,0.0838565471106806,0.4161434528893193
22,538,2020-11-01,7.1,Alaska,8.866666666666665,7.433333333333334,8.200000000000001,62.4,0.0526184872384931,0.4473815127615069
23,1816,1980-11-01,6.5,Arizona,7.05,6.8,6.5249999999999995,53.5,0.1821208683233509,0.3178791316766491
24,1864,1984-11-01,5.3,Arizona,4.733333333333333,5.0,5.0,54.0,0.17116727570006,0.3288327242999399
25,1912,1988-11-01,6.2,Arizona,6.483333333333333,6.366666666666667,6.425,54.0,0.1074349153099251,0.3925650846900749
26,1960,1992-11-01,7.3,Arizona,7.466666666666666,7.333333333333333,7.583333333333332,64.7,0.0130190398301194,0.4869809601698806
27,2008,1996-11-01,5.6,Arizona,5.6,5.6,5.458333333333333,47.3,0.0122377115185425,0.5122377115185426
28,2056,2000-11-01,3.9,Arizona,3.9499999999999997,3.9,3.9999999999999996,46.7,0.0328259916713986,0.4671740083286014
29,2104,2004-11-01,4.6,Arizona,4.783333333333334,4.666666666666667,5.033333333333333,54.3,0.0527500503048826,0.4472499496951174
30,2152,2008-11-01,7.3,Arizona,6.3999999999999995,6.933333333333334,5.491666666666667,53.3,0.0431390071961632,0.4568609928038368
31,2200,2012-11-01,8.1,Arizona,8.200000000000001,8.1,8.408333333333333,49.6,0.0461338022370318,0.4538661977629681
32,2248,2016-11-01,5.3,Arizona,5.416666666666667,5.366666666666667,5.5249999999999995,53.288,0.0189002340103945,0.4810997659896054
33,2296,2020-11-01,6.7,Arizona,7.966666666666668,7.066666666666666,7.666666666666667,64.7,0.0015683167912931,0.5015683167912931
34,1230,1980-11-01,8.1,Arkansas,8.033333333333333,8.1,7.358333333333333,57.2,0.0031970594292347,0.4968029405707653
35,1278,1984-11-01,8.4,Arkansas,8.433333333333335,8.4,8.583333333333334,60.3,0.1122758810194408,0.3877241189805592
36,1326,1988-11-01,7.5,Arkansas,7.6499999999999995,7.6000000000000005,7.741666666666667,55.8,0.0719164271311511,0.4280835728688489
37,1374,1992-11-01,6.6,Arkansas,6.8999999999999995,6.766666666666667,7.066666666666666,58.0,0.0999226706612251,0.5999226706612252
38,1422,1996-11-01,5.2,Arkansas,5.2,5.2,5.1499999999999995,51.5,0.0935282486475548,0.5935282486475548
39,1470,2000-11-01,4.2,Arkansas,4.116666666666666,4.133333333333333,4.191666666666666,49.4,0.0280068951042081,0.4719931048957919
40,1518,2004-11-01,5.5,Arkansas,5.516666666666667,5.5,5.608333333333333,56.7,0.0493574825166778,0.4506425174833222
41,1566,2008-11-01,6.3,Arkansas,5.6000000000000005,5.933333333333334,5.316666666666666,51.8,0.1017172061071726,0.3982827938928274
42,1614,2012-11-01,7.2,Arkansas,7.233333333333334,7.2,7.291666666666667,51.1,0.1215440535122961,0.3784559464877038
43,1662,2016-11-01,3.9,Arkansas,3.9499999999999997,3.9,4.0249999999999995,56.0106,0.1428513768977047,0.3571486231022953
44,1710,2020-11-01,5.2,Arkansas,6.366666666666667,5.533333333333334,6.058333333333334,51.9,0.1421243327798315,0.3578756672201685
45,2354,1976-11-01,9.3,California,9.15,9.266666666666666,9.136363636363637,54.8,0.009178273068182,0.4908217269318179
46,2402,1980-11-01,7.1,California,7.183333333333333,7.166666666666667,6.816666666666666,53.8,0.0946662455920946,0.4053337544079053
47,2450,1984-11-01,7.5,California,7.6000000000000005,7.533333333333332,7.841666666666668,55.7,0.0822453482219767,0.4177546517780233
48,2498,1988-11-01,5.2,California,5.266666666666667,5.233333333333333,5.3,51.7,0.0180731053637588,0.4819268946362411
49,2546,1992-11-01,9.8,California,9.633333333333333,9.766666666666667,9.233333333333334,52.8,0.0851672876937907,0.5851672876937908
50,2594,1996-11-01,7.0,California,7.133333333333333,7.033333333333334,7.425,48.4,0.0721626523096894,0.5721626523096894
51,2642,2000-11-01,4.8,California,4.883333333333334,4.8,4.941666666666666,46.4,0.0620298999907178,0.5620298999907178
52,2690,2004-11-01,5.9,California,6.066666666666666,5.933333333333334,6.283333333333334,49.1,0.0504132045282245,0.5504132045282245
53,2738,2008-11-01,8.8,California,7.849999999999999,8.4,7.008333333333334,51.2,0.122784495915854,0.622784495915854
54,2786,2012-11-01,9.9,California,10.266666666666667,10.033333333333333,10.65,47.5,0.1187281116329662,0.6187281116329663
55,2834,2016-11-01,5.4,California,5.483333333333333,5.466666666666666,5.541666666666667,48.2247,0.1612822054272988,0.6612822054272989
56,2882,2020-11-01,9.0,California,11.200000000000001,9.433333333333335,9.791666666666668,55.7,0.1490891136066756,0.6490891136066756
57,2988,1980-11-01,6.3,Colorado,6.5,6.433333333333334,5.733333333333333,63.4,0.139303402128646,0.360696597871354
58,3036,1984-11-01,5.8,Colorado,5.633333333333333,5.733333333333334,5.466666666666666,60.5,0.143657698356506,0.356342301643494
59,3084,1988-11-01,6.0,Colorado,6.266666666666667,6.166666666666667,6.5,65.4,0.0395382438149715,0.4604617561850285
60,3132,1992-11-01,6.1,Colorado,6.166666666666667,6.133333333333333,6.058333333333334,68.8,0.0280206552282498,0.5280206552282498
61,3180,1996-11-01,3.9,Colorado,4.133333333333333,3.9999999999999996,4.191666666666666,58.8,0.0075920763022743,0.4924079236977256
62,3228,2000-11-01,2.7,Colorado,2.766666666666667,2.733333333333333,2.7583333333333333,53.6,0.0448591994327903,0.4551408005672097
63,3276,2004-11-01,5.4,Colorado,5.483333333333333,5.466666666666666,5.608333333333333,61.7,0.0236622955824263,0.4763377044175736
64,3324,2008-11-01,5.7,Colorado,5.133333333333334,5.433333333333333,4.708333333333333,62.5,0.0455063469317342,0.5455063469317343
65,3372,2012-11-01,7.5,Colorado,7.849999999999999,7.633333333333333,8.083333333333334,65.4,0.0274798831420252,0.5274798831420252
66,3420,2016-11-01,2.9,Colorado,3.0666666666666664,2.9666666666666663,3.183333333333333,63.8187,0.0268333337268243,0.5268333337268244
67,3468,2020-11-01,6.2,Colorado,7.1000000000000005,6.233333333333333,6.483333333333333,62.7,0.0693831949230014,0.5693831949230015
68,3526,1976-11-01,8.5,Connecticut,8.9,8.666666666666666,9.254545454545454,64.4,0.0261001670621348,0.4738998329378652
69,3574,1980-11-01,5.9,Connecticut,5.883333333333334,5.9,5.6000000000000005,67.6,0.0555719632271264,0.4444280367728735
70,3622,1984-11-01,4.5,Connecticut,4.533333333333332,4.5,4.708333333333333,64.2,0.1099916876301804,0.3900083123698196
71,3670,1988-11-01,3.0,Connecticut,2.9166666666666665,2.9666666666666663,2.8666666666666667,63.9,0.0258115045643299,0.4741884954356701
72,3718,1992-11-01,7.3,Connecticut,7.366666666666667,7.333333333333333,7.324999999999999,71.7,0.0412511670742667,0.5412511670742668
73,3766,1996-11-01,5.2,Connecticut,5.2,5.2,5.2,58.5,0.1036350688231273,0.6036350688231273
74,3814,2000-11-01,2.1,Connecticut,2.066666666666667,2.1,2.1166666666666667,55.2,0.0925565804885452,0.5925565804885452
75,3862,2004-11-01,4.9,Connecticut,5.0,4.933333333333334,5.125,58.5,0.0527494756058412,0.5527494756058412
76,3910,2008-11-01,6.5,Connecticut,5.983333333333333,6.266666666666666,5.4750000000000005,60.8,0.1131833824975417,0.6131833824975418
77,3958,2012-11-01,8.3,Connecticut,8.366666666666667,8.333333333333334,8.375000000000002,57.5,0.0877257747690709,0.587725774769071
78,4006,2016-11-01,4.6,Connecticut,4.733333333333333,4.666666666666667,4.925,57.489,0.0714154751726363,0.5714154751726364
79,4054,2020-11-01,7.5,Connecticut,9.5,8.066666666666668,7.691666666666666,60.5,0.1019504908807784,0.6019504908807785
80,4746,1980-11-01,7.7,Delaware,7.8500000000000005,7.8,7.45,60.4,0.0126678525017742,0.4873321474982258
81,4794,1984-11-01,6.0,Delaware,6.1499999999999995,6.1000000000000005,6.308333333333334,58.9,0.0995367269919558,0.4004632730080442
82,4842,1988-11-01,3.1,Delaware,3.016666666666667,3.1,2.9916666666666667,58.7,0.0624118959586927,0.4375881040413072
83,4890,1992-11-01,4.9,Delaware,5.15,5.033333333333333,5.275,66.1,0.0519799270472528,0.5519799270472528
84,4938,1996-11-01,5.1,Delaware,4.999999999999999,5.1,4.925,54.7,0.0862365663256995,0.5862365663256995
85,4986,2000-11-01,3.7,Delaware,3.7,3.7,3.583333333333334,62.2,0.0674006478528844,0.5674006478528845
86,5034,2004-11-01,4.5,Delaware,4.383333333333333,4.433333333333334,4.2749999999999995,62.8,0.038315062450916,0.5383150624509161
87,5082,2008-11-01,6.3,Delaware,5.483333333333333,5.966666666666666,4.783333333333332,63.0,0.1263813864988855,0.6263813864988855
88,5130,2012-11-01,7.1,Delaware,7.1,7.1,7.066666666666666,62.2,0.0944695491927816,0.5944695491927816
89,5178,2016-11-01,4.7,Delaware,4.566666666666666,4.633333333333333,4.516666666666667,57.1709,0.0599862144368121,0.5599862144368122
90,5226,2020-11-01,5.3,Delaware,7.566666666666666,5.966666666666666,7.308333333333334,63.8,0.0962674416498446,0.5962674416498447
91,4160,1980-11-01,8.1,District of Columbia,7.866666666666667,8.066666666666665,7.2749999999999995,48.9,0.3481673005783359,0.8481673005783359
92,4208,1984-11-01,8.4,District of Columbia,8.583333333333334,8.466666666666667,9.033333333333333,54.0,0.3614773394710076,0.8614773394710076
93,4256,1988-11-01,4.8,District of Columbia,4.8500000000000005,4.8,5.1000000000000005,52.7,0.3524575260565677,0.8524575260565678
94,4304,1992-11-01,8.7,District of Columbia,8.666666666666666,8.7,8.549999999999999,66.1,0.4029706961939272,0.9029706961939272
95,4352,1996-11-01,8.1,District of Columbia,8.316666666666666,8.166666666666666,8.475,59.6,0.4012354820886425,0.9012354820886426
96,4400,2000-11-01,5.8,District of Columbia,5.683333333333334,5.733333333333333,5.683333333333334,65.6,0.4048769447777848,0.9048769447777848
97,4448,2004-11-01,8.3,District of Columbia,8.333333333333334,8.366666666666665,8.008333333333333,62.0,0.4052027864743608,0.9052027864743608
98,4496,2008-11-01,7.9,District of Columbia,7.166666666666667,7.533333333333332,6.666666666666667,65.3,0.4340076833341566,0.9340076833341566
99,4544,2012-11-01,8.6,District of Columbia,8.716666666666667,8.6,9.066666666666666,67.7,0.4258764920211751,0.9258764920211752
100,4592,2016-11-01,6.3,District of Columbia,6.233333333333333,6.3,6.25,68.7232,0.4569518834185407,0.9569518834185408
101,4640,2020-11-01,7.9,District of Columbia,8.333333333333334,8.133333333333333,7.7,77.8,0.4446695384761944,0.9446695384761944
102,5284,1976-11-01,9.1,Florida,9.116666666666667,9.1,9.318181818181818,54.7,0.026802018720792,0.526802018720792
103,5332,1980-11-01,6.2,Florida,6.133333333333333,6.133333333333333,5.933333333333333,55.5,0.0905076294719691,0.4094923705280309
104,5380,1984-11-01,6.3,Florida,6.416666666666667,6.366666666666667,6.683333333333334,53.3,0.1533241321354548,0.3466758678645452
105,5428,1988-11-01,5.3,Florida,5.199999999999999,5.266666666666667,5.183333333333333,54.5,0.1125207164585159,0.3874792835414841
106,5476,1992-11-01,8.1,Florida,8.366666666666667,8.266666666666667,8.391666666666667,55.8,0.0119684108958099,0.4880315891041901
107,5524,1996-11-01,5.2,Florida,5.2,5.166666666666667,5.308333333333333,50.7,0.031549611951064,0.5315496119510641
108,5572,2000-11-01,3.8,Florida,3.766666666666667,3.733333333333334,3.75,51.6,4.6094080335623566e-05,0.4999539059196644
109,5620,2004-11-01,3.5,Florida,3.6500000000000004,3.566666666666667,3.808333333333333,56.1,0.0252367957566879,0.4747632042433121
110,5668,2008-11-01,7.1,Florida,6.266666666666666,6.733333333333333,5.408333333333332,56.5,0.0141966003089929,0.514196600308993
111,5716,2012-11-01,8.2,Florida,8.466666666666667,8.3,8.766666666666666,53.9,0.0044225213936622,0.5044225213936623
112,5764,2016-11-01,4.8,Florida,4.883333333333334,4.866666666666666,4.941666666666667,52.9428,0.0061883547277548,0.4938116452722452
113,5812,2020-11-01,6.6,Florida,9.033333333333333,7.266666666666666,7.908333333333332,56.4,0.0169475466214156,0.4830524533785844
114,5870,1976-11-01,8.1,Georgia,8.033333333333333,8.066666666666666,8.163636363636364,54.1,0.1693829485931741,0.6693829485931742
115,5918,1980-11-01,6.2,Georgia,6.616666666666666,6.3999999999999995,6.233333333333333,53.5,0.0766239969245167,0.5766239969245167
116,5966,1984-11-01,6.1,Georgia,6.05,6.1,6.133333333333333,52.4,0.101978201481398,0.398021798518602
117,6014,1988-11-01,5.4,Georgia,5.516666666666667,5.466666666666666,5.6499999999999995,49.6,0.1020361634476035,0.3979638365523965
118,6062,1992-11-01,6.2,Georgia,6.466666666666668,6.2,6.508333333333334,54.1,0.0034212845109663,0.5034212845109663
119,6110,1996-11-01,4.8,Georgia,4.6000000000000005,4.699999999999999,4.591666666666667,49.6,0.0063226919855416,0.4936773080144583
120,6158,2000-11-01,3.4,Georgia,3.5,3.4333333333333322,3.5500000000000003,49.0,0.0598375362290266,0.4401624637709734
121,6206,2004-11-01,5.5,Georgia,5.25,5.3999999999999995,5.008333333333334,52.6,0.0835423269640955,0.4164576730359044
122,6254,2008-11-01,8.3,Georgia,7.25,7.866666666666667,6.491666666666667,59.6,0.0262833551081179,0.4737166448918821
123,6302,2012-11-01,8.7,Georgia,8.866666666666665,8.733333333333333,9.125,58.1,0.0395664909805673,0.4604335090194327
124,6350,2016-11-01,5.4,Georgia,5.4,5.4,5.5,55.6772,0.0266117259930321,0.4733882740069678
125,6398,2020-11-01,5.3,Georgia,6.650000000000001,5.733333333333333,6.366666666666667,60.9,0.0011932966290864,0.5011932966290864
126,6504,1980-11-01,5.1,Hawaii,5.083333333333333,5.1,4.966666666666667,55.9,0.0108405923508689,0.510840592350869
127,6552,1984-11-01,5.4,Hawaii,5.416666666666667,5.433333333333334,5.466666666666666,54.5,0.0570372421764939,0.442962757823506
128,6600,1988-11-01,3.0,Hawaii,3.0500000000000003,3.0666666666666664,3.108333333333333,54.7,0.0480627598015892,0.5480627598015892
129,6648,1992-11-01,4.6,Hawaii,4.416666666666667,4.533333333333334,4.025,55.2,0.067199777308213,0.567199777308213
130,6696,1996-11-01,6.0,Hawaii,5.883333333333334,5.933333333333334,5.8999999999999995,43.1,0.1427615180824881,0.6427615180824882
131,6744,2000-11-01,4.0,Hawaii,4.133333333333334,4.033333333333334,4.308333333333333,39.7,0.0982729628042934,0.5982729628042934
132,6792,2004-11-01,3.1,Hawaii,3.15,3.1,3.35,46.2,0.0440444800293027,0.5440444800293027
133,6840,2008-11-01,5.1,Hawaii,4.416666666666667,4.8,3.8333333333333335,46.8,0.2299372587845541,0.7299372587845542
134,6888,2012-11-01,5.2,Hawaii,5.616666666666667,5.333333333333333,6.033333333333334,47.4,0.2170384850107442,0.7170384850107442
135,6936,2016-11-01,2.7,Hawaii,2.8333333333333335,2.766666666666666,2.9250000000000003,43.2748,0.1744133745053545,0.6744133745053545
136,6984,2020-11-01,10.6,Hawaii,13.583333333333334,11.799999999999999,11.133333333333333,59.7,0.1503266464651488,0.6503266464651488
137,7676,1980-11-01,7.5,Idaho,7.949999999999999,7.766666666666667,7.449999999999999,70.1,0.2251322678733122,0.2748677321266878
138,7724,1984-11-01,7.3,Idaho,7.25,7.3,7.208333333333333,67.5,0.2327557119741499,0.2672442880258501
139,7772,1988-11-01,5.8,Idaho,6.0,5.8999999999999995,6.291666666666667,63.9,0.1328782285063305,0.3671217714936695
140,7820,1992-11-01,6.4,Idaho,6.55,6.5,6.516666666666666,66.9,0.0966148302115658,0.4033851697884342
141,7868,1996-11-01,5.4,Idaho,5.333333333333333,5.333333333333333,5.441666666666666,60.1,0.1079902757571593,0.3920097242428407
142,7916,2000-11-01,4.7,Idaho,4.7,4.7,4.658333333333333,53.9,0.2084849045574401,0.2915150954425599
143,7964,2004-11-01,4.6,Idaho,4.783333333333333,4.699999999999999,4.925,58.7,0.193227381833643,0.306772618166357
144,8012,2008-11-01,6.7,Idaho,5.833333333333333,6.3,4.7,58.8,0.1302458980502054,0.3697541019497945
145,8060,2012-11-01,7.1,Idaho,7.283333333333332,7.166666666666667,7.45,60.2,0.1642138684357533,0.3357861315642467
146,8108,2016-11-01,3.6,Idaho,3.6500000000000004,3.6,3.6999999999999997,58.2953,0.1831017668080559,0.3168982331919441
147,8156,2020-11-01,4.2,Idaho,5.516666666666667,4.533333333333334,5.425,61.6,0.1587714292507787,0.3412285707492213
148,8214,1976-11-01,6.4,Illinois,6.55,6.5,6.572727272727272,65.6,0.0100283374363939,0.4899716625636061
149,8262,1980-11-01,9.0,Illinois,8.866666666666667,9.0,8.0,66.4,0.0433966238211097,0.4566033761788903
150,8310,1984-11-01,8.9,Illinois,8.866666666666667,8.9,9.225,66.9,0.0647325330722075,0.4352674669277925
151,8358,1988-11-01,6.4,Illinois,6.6000000000000005,6.5,6.816666666666666,60.7,0.0104927699635886,0.4895072300364114
152,8406,1992-11-01,7.2,Illinois,7.566666666666667,7.3,7.958333333333333,65.1,0.085882182122468,0.585882182122468
153,8454,1996-11-01,5.1,Illinois,5.25,5.133333333333332,5.3,55.6,0.0960509218545777,0.5960509218545778
154,8502,2000-11-01,4.6,Illinois,4.45,4.499999999999999,4.4,56.8,0.0618001031583959,0.5618001031583959
155,8550,2004-11-01,6.0,Illinois,6.1000000000000005,6.066666666666666,6.216666666666666,61.0,0.0520863404955345,0.5520863404955345
156,8598,2008-11-01,7.4,Illinois,6.8500000000000005,7.133333333333333,6.316666666666666,57.1,0.1273426404455936,0.6273426404455936
157,8646,2012-11-01,9.0,Illinois,9.016666666666667,9.0,9.083333333333334,56.2,0.085775233921169,0.585775233921169
158,8694,2016-11-01,5.6,Illinois,5.75,5.666666666666665,5.941666666666666,58.8256,0.0902005139071148,0.5902005139071148
159,8742,2020-11-01,7.8,Illinois,9.766666666666667,8.299999999999999,8.975,62.7,0.0865904373280692,0.5865904373280693
160,8800,1976-11-01,5.8,Indiana,5.75,5.766666666666667,6.045454545454546,64.8,0.0384877780769483,0.4615122219230517
161,8848,1980-11-01,9.6,Indiana,10.366666666666667,10.0,9.575,61.6,0.0979732867014976,0.4020267132985023
162,8896,1984-11-01,8.2,Indiana,8.216666666666667,8.2,8.583333333333334,62.3,0.1207342912168372,0.3792657087831628
163,8944,1988-11-01,5.1,Indiana,5.183333333333333,5.166666666666667,5.216666666666667,60.3,0.1012599112493201,0.3987400887506799
164,8992,1992-11-01,5.9,Indiana,6.166666666666667,6.033333333333334,6.083333333333333,63.0,0.0383489453393877,0.4616510546606123
165,9040,1996-11-01,3.5,Indiana,3.75,3.6,4.05,55.8,0.0314840635504565,0.4685159364495435
166,9088,2000-11-01,3.0,Indiana,2.983333333333333,2.9333333333333336,3.0500000000000003,58.5,0.0800478253258193,0.4199521746741806
167,9136,2004-11-01,5.5,Indiana,5.383333333333333,5.466666666666666,5.383333333333333,57.3,0.1042347624965845,0.3957652375034154
168,9184,2008-11-01,7.5,Indiana,6.3500000000000005,6.933333333333334,5.6499999999999995,58.8,0.0052195344537808,0.5052195344537809
169,9232,2012-11-01,8.2,Indiana,8.2,8.2,8.258333333333333,57.7,0.052003745973273,0.447996254026727
170,9280,2016-11-01,4.1,Indiana,4.25,4.133333333333334,4.416666666666667,56.0321,0.1011730952450807,0.3988269047549193
171,9328,2020-11-01,5.2,Indiana,7.283333333333334,5.766666666666667,7.208333333333333,58.9,0.0819504800744296,0.4180495199255704
172,7042,1976-11-01,4.0,Iowa,3.966666666666667,3.9666666666666663,4.090909090909091,67.6,0.0051616585315235,0.4948383414684765
173,7090,1980-11-01,6.4,Iowa,6.583333333333333,6.566666666666666,5.783333333333334,67.7,0.0706315027120836,0.4293684972879164
174,7138,1984-11-01,7.2,Iowa,7.0,7.099999999999999,7.016666666666667,68.6,0.0372382533002014,0.4627617466997986
175,7186,1988-11-01,4.4,Iowa,4.566666666666666,4.5,4.7,63.6,0.051484811400825,0.5514848114008251
176,7234,1992-11-01,4.4,Iowa,4.416666666666667,4.4,4.516666666666667,70.8,0.0373252911356213,0.5373252911356213
177,7282,1996-11-01,3.5,Iowa,3.5666666666666664,3.5333333333333337,3.5833333333333335,61.1,0.0573338892373272,0.5573338892373273
178,7330,2000-11-01,2.9,Iowa,2.75,2.8333333333333335,2.641666666666667,64.1,0.0016277918751816,0.5016277918751817
179,7378,2004-11-01,4.6,Iowa,4.583333333333333,4.6,4.508333333333334,68.8,0.0033667926271291,0.4966332073728708
180,7426,2008-11-01,4.9,Iowa,4.366666666666666,4.633333333333334,4.058333333333334,66.9,0.0484877778946735,0.5484877778946735
181,7474,2012-11-01,4.9,Iowa,5.016666666666667,4.966666666666667,5.091666666666667,66.7,0.0295935192810017,0.5295935192810017
182,7522,2016-11-01,3.5,Iowa,3.5833333333333335,3.533333333333333,3.591666666666667,60.7381,0.0506354784512034,0.4493645215487965
183,7570,2020-11-01,4.2,Iowa,5.133333333333334,4.366666666666666,5.075,68.5,0.0418326308463705,0.4581673691536295
184,9434,1980-11-01,4.6,Kansas,4.766666666666667,4.7,4.291666666666667,63.6,0.1347548943852033,0.3652451056147966
185,9482,1984-11-01,4.9,Kansas,4.916666666666667,4.9,5.0,63.3,0.1702947711156965,0.3297052288843034
186,9530,1988-11-01,4.5,Kansas,4.5,4.5,4.5,60.6,0.0672750170218647,0.4327249829781352
187,9578,1992-11-01,4.7,Kansas,4.683333333333334,4.7,4.516666666666667,71.9,0.0354105558761758,0.4645894441238242
188,9626,1996-11-01,4.3,Kansas,4.3,4.3,4.241666666666666,62.0,0.1007236554798415,0.3992763445201585
189,9674,2000-11-01,3.9,Kansas,3.8333333333333335,3.8666666666666667,3.7416666666666667,60.2,0.1091690746352809,0.3908309253647191
190,9722,2004-11-01,5.4,Kansas,5.45,5.4,5.5249999999999995,59.7,0.1286709878108223,0.3713290121891777
191,9770,2008-11-01,5.2,Kansas,4.766666666666667,5.0,4.508333333333334,59.8,0.0761227581890944,0.4238772418109056
192,9818,2012-11-01,5.6,Kansas,5.633333333333333,5.6,5.75,58.9,0.1111332674525306,0.3888667325474694
193,9866,2016-11-01,4.1,Kansas,4.083333333333333,4.1,4.008333333333333,58.0303,0.1111147034260667,0.3888852965739333
194,9914,2020-11-01,4.7,Kansas,5.816666666666666,5.0,5.708333333333333,60.1,0.0749342825563135,0.4250657174436865
195,9972,1976-11-01,5.2,Kentucky,5.333333333333333,5.233333333333333,5.445454545454545,55.6,0.0365402864664347,0.5365402864664347
196,10020,1980-11-01,8.7,Kentucky,8.683333333333332,8.8,7.783333333333334,56.9,0.0071274560126958,0.4928725439873041
197,10068,1984-11-01,8.7,Kentucky,8.866666666666665,8.733333333333334,9.166666666666666,59.0,0.1036418238945198,0.3963581761054802
198,10116,1988-11-01,7.1,Kentucky,7.383333333333334,7.233333333333334,7.516666666666667,49.7,0.0585376781178855,0.4414623218821145
199,10164,1992-11-01,6.7,Kentucky,6.850000000000001,6.8,6.941666666666667,57.6,0.0186877769476605,0.5186877769476606
200,10212,1996-11-01,5.6,Kentucky,5.333333333333333,5.466666666666666,5.366666666666667,52.8,0.0052905118434284,0.5052905118434284
201,10260,2000-11-01,4.3,Kentucky,4.199999999999999,4.266666666666667,4.125,54.9,0.0772761526567658,0.4227238473432342
202,10308,2004-11-01,5.3,Kentucky,5.3500000000000005,5.3,5.541666666666667,63.4,0.1000761991547393,0.3999238008452607
203,10356,2008-11-01,8.1,Kentucky,6.983333333333333,7.566666666666666,6.25,61.4,0.0823342758770461,0.4176657241229539
204,10404,2012-11-01,8.1,Kentucky,8.149999999999999,8.1,8.258333333333333,57.6,0.1154277239380491,0.3845722760619509
205,10452,2016-11-01,5.1,Kentucky,5.0,5.066666666666666,5.041666666666667,55.2576,0.1567062901750986,0.3432937098249013
206,10500,2020-11-01,4.8,Kentucky,5.1499999999999995,4.866666666666667,6.408333333333332,65.3,0.1320010290026297,0.3679989709973703
207,10558,1976-11-01,6.9,Louisiana,6.833333333333333,6.9,6.618181818181818,59.9,0.0295957514788066,0.5295957514788067
208,10606,1980-11-01,7.6,Louisiana,7.1499999999999995,7.400000000000001,6.983333333333333,63.9,0.0281088598859926,0.4718911401140074
209,10654,1984-11-01,10.8,Louisiana,10.366666666666667,10.633333333333335,10.141666666666667,64.9,0.1141916116254215,0.3858083883745785
210,10702,1988-11-01,10.0,Louisiana,10.4,10.200000000000001,10.716666666666667,65.2,0.0519129232394973,0.4480870767605027
211,10750,1992-11-01,7.7,Louisiana,7.933333333333333,7.833333333333333,7.816666666666666,68.6,0.0266513786041564,0.5266513786041565
212,10798,1996-11-01,6.2,Louisiana,6.3500000000000005,6.266666666666666,6.5,61.8,0.0656083827159214,0.5656083827159214
213,10846,2000-11-01,5.4,Louisiana,5.266666666666667,5.366666666666667,5.1000000000000005,64.6,0.0393924596634723,0.4606075403365277
214,10894,2004-11-01,5.5,Louisiana,5.6000000000000005,5.5,5.716666666666666,63.1,0.0733094126924349,0.4266905873075651
215,10942,2008-11-01,5.5,Louisiana,4.916666666666667,5.233333333333333,4.5249999999999995,68.0,0.0945717416158536,0.4054282583841463
216,10990,2012-11-01,6.5,Louisiana,6.583333333333333,6.466666666666666,6.816666666666666,64.7,0.0874682561411397,0.4125317438588602
217,11038,2016-11-01,6.0,Louisiana,6.083333333333333,6.066666666666666,6.075,59.6884,0.1017167723780779,0.3982832276219221
218,11086,2020-11-01,7.6,Louisiana,9.149999999999999,8.1,8.475,59.4,0.0946444045629105,0.4053555954370895
219,12364,1980-11-01,7.6,Maine,7.833333333333333,7.733333333333333,7.3999999999999995,68.2,0.0190948343402336,0.4809051656597664
220,12412,1984-11-01,5.7,Maine,5.8999999999999995,5.800000000000001,6.241666666666666,68.7,0.1106911790060162,0.3893088209939838
221,12460,1988-11-01,3.7,Maine,3.7999999999999994,3.8000000000000003,3.716666666666667,66.7,0.0577101870346831,0.4422898129653169
222,12508,1992-11-01,7.0,Maine,7.133333333333333,7.0666666666666655,7.383333333333334,74.1,0.060558728645483,0.5605587286454831
223,12556,1996-11-01,5.2,Maine,5.2,5.133333333333333,5.349999999999999,67.7,0.1266212041685531,0.6266212041685532
224,12604,2000-11-01,3.2,Maine,3.216666666666667,3.2,3.3833333333333333,69.2,0.0274784154100041,0.5274784154100042
225,12652,2004-11-01,4.7,Maine,4.616666666666666,4.633333333333332,4.675,72.0,0.045830164103086,0.545830164103086
226,12700,2008-11-01,6.5,Maine,5.7,6.099999999999999,5.208333333333333,70.2,0.088295249834076,0.588295249834076
227,12748,2012-11-01,7.1,Maine,7.183333333333334,7.133333333333333,7.208333333333333,67.2,0.078599213935771,0.5785992139357711
228,12796,2016-11-01,3.6,Maine,3.7166666666666663,3.6666666666666665,3.816666666666667,71.3014,0.0159679112916253,0.5159679112916253
229,12844,2020-11-01,3.9,Maine,4.8,3.9000000000000004,5.0249999999999995,70.5,0.0467040458200397,0.5467040458200397
230,11730,1976-11-01,6.7,Maryland,6.633333333333333,6.7,6.536363636363637,58.7,0.0303541992343638,0.5303541992343639
231,11778,1980-11-01,6.8,Maryland,6.916666666666667,6.866666666666667,6.516666666666667,58.6,0.0161913806621849,0.516191380662185
232,11826,1984-11-01,5.1,Maryland,5.283333333333334,5.199999999999999,5.391666666666667,60.0,0.0275752719214463,0.4724247280785537
233,11874,1988-11-01,4.0,Maryland,4.1499999999999995,4.099999999999999,4.208333333333333,54.8,0.01464430231117,0.4853556976888299
234,11922,1992-11-01,6.3,Maryland,6.483333333333333,6.3999999999999995,6.541666666666667,66.4,0.0829990003921765,0.5829990003921766
235,11970,1996-11-01,4.8,Maryland,4.816666666666666,4.8,4.958333333333333,54.4,0.0863842348627238,0.5863842348627238
236,12018,2000-11-01,3.6,Maryland,3.6,3.6,3.4916666666666667,57.1,0.0843229894245429,0.584322989424543
237,12066,2004-11-01,4.7,Maryland,4.616666666666666,4.633333333333333,4.616666666666666,59.7,0.0656558420750119,0.565655842075012
238,12114,2008-11-01,5.7,Maryland,4.9,5.333333333333333,4.308333333333334,61.9,0.1293008729288552,0.6293008729288553
239,12162,2012-11-01,6.8,Maryland,6.849999999999999,6.8,6.883333333333333,58.7,0.1332172578690598,0.6332172578690598
240,12210,2016-11-01,4.2,Maryland,4.25,4.266666666666666,4.325,59.1958,0.1401624968476938,0.6401624968476939
241,12258,2020-11-01,6.5,Maryland,7.183333333333333,6.699999999999999,6.183333333333334,68.7,0.1702904704709233,0.6702904704709234
242,11144,1976-11-01,9.0,Massachusetts,9.35,9.1,9.818181818181818,68.9,0.0811462217110593,0.5811462217110593
243,11192,1980-11-01,5.9,Massachusetts,5.966666666666668,5.933333333333334,5.716666666666666,65.6,0.0009067301685632,0.4990932698314367
244,11240,1984-11-01,4.3,Massachusetts,4.5,4.3999999999999995,4.908333333333333,60.9,0.0139833023725938,0.4860166976274062
245,11288,1988-11-01,3.5,Massachusetts,3.3666666666666667,3.4333333333333336,3.275,63.6,0.0398258893318695,0.5398258893318696
246,11336,1992-11-01,8.4,Massachusetts,8.700000000000001,8.566666666666668,8.841666666666667,65.8,0.1209222867120156,0.6209222867120157
247,11384,1996-11-01,4.4,Massachusetts,4.45,4.4,4.675,56.3,0.1863782540541508,0.6863782540541509
248,11432,2000-11-01,2.7,Massachusetts,2.716666666666667,2.7,2.8499999999999996,60.1,0.1478934376063381,0.6478934376063381
249,11480,2004-11-01,4.9,Massachusetts,4.983333333333333,4.9,5.158333333333334,63.7,0.1274285551299189,0.6274285551299189
250,11528,2008-11-01,6.3,Massachusetts,5.6499999999999995,6.0,5.1499999999999995,61.3,0.1319707821335295,0.6319707821335295
251,11576,2012-11-01,6.7,Massachusetts,6.7,6.7,6.708333333333333,65.4,0.1178568074906001,0.6178568074906001
252,11624,2016-11-01,3.9,Massachusetts,3.9166666666666665,3.9,4.083333333333333,61.6879,0.146512786896295,0.646512786896295
253,11672,2020-11-01,7.9,Massachusetts,10.6,8.700000000000001,8.983333333333333,58.9,0.1711554954014814,0.6711554954014815
254,12902,1976-11-01,9.0,Michigan,9.116666666666667,9.0,9.436363636363636,64.0,0.0274377404986999,0.4725622595013001
255,12950,1980-11-01,12.8,Michigan,13.166666666666666,13.0,12.016666666666666,64.1,0.0354641089679841,0.4645358910320158
256,12998,1984-11-01,10.8,Michigan,11.016666666666666,10.899999999999999,11.358333333333334,62.3,0.0954632499816858,0.4045367500183142
257,13046,1988-11-01,7.2,Michigan,7.316666666666667,7.266666666666666,7.675000000000001,59.5,0.0397804996005514,0.4602195003994486
258,13094,1992-11-01,8.2,Michigan,8.916666666666666,8.566666666666665,9.191666666666668,65.9,0.0461515964697112,0.5461515964697112
259,13142,1996-11-01,4.8,Michigan,4.866666666666666,4.8,4.916666666666667,58.1,0.0732441336669676,0.5732441336669677
260,13190,2000-11-01,4.1,Michigan,3.9,3.9999999999999987,3.625,60.1,0.0263460648173409,0.5263460648173409
261,13238,2004-11-01,7.2,Michigan,7.066666666666667,7.166666666666665,6.916666666666667,64.7,0.017258444679652,0.5172584446796521
262,13286,2008-11-01,9.6,Michigan,8.633333333333333,9.133333333333333,7.974999999999999,65.0,0.0837130157615452,0.5837130157615452
263,13334,2012-11-01,9.0,Michigan,9.016666666666666,9.0,9.091666666666667,64.5,0.0480053207117787,0.5480053207117788
264,13382,2016-11-01,5.1,Michigan,5.05,5.1,5.0,61.814,0.0011766821696154,0.4988233178303845
265,13430,2020-11-01,7.1,Michigan,10.116666666666667,7.899999999999999,9.775,64.1,0.0141355934440946,0.5141355934440947
266,13488,1976-11-01,5.9,Minnesota,5.716666666666666,5.800000000000001,5.790909090909091,75.4,0.066419819719711,0.566419819719711
267,13536,1980-11-01,5.8,Minnesota,5.983333333333333,5.8999999999999995,5.7,73.3,0.0221361455718679,0.5221361455718679
268,13584,1984-11-01,6.0,Minnesota,6.116666666666667,6.033333333333334,6.366666666666666,75.6,0.0009089076819495,0.5009089076819495
269,13632,1988-11-01,4.3,Minnesota,4.3,4.3,4.35,69.7,0.0355085992524404,0.5355085992524404
270,13680,1992-11-01,5.0,Minnesota,5.066666666666666,5.033333333333334,5.033333333333333,74.2,0.0772134022448636,0.5772134022448636
271,13728,1996-11-01,3.6,Minnesota,3.75,3.6666666666666665,3.7916666666666665,66.9,0.0938068927137576,0.5938068927137576
272,13776,2000-11-01,3.2,Minnesota,3.116666666666667,3.2,3.0,67.8,0.0128641197581131,0.5128641197581132
273,13824,2004-11-01,4.4,Minnesota,4.516666666666667,4.433333333333334,4.625,76.7,0.0176091061066895,0.5176091061066895
274,13872,2008-11-01,6.3,Minnesota,5.716666666666666,6.0,5.266666666666667,70.8,0.0522937499539273,0.5522937499539273
275,13920,2012-11-01,5.5,Minnesota,5.633333333333333,5.5666666666666655,5.691666666666666,70.5,0.0394122646169818,0.5394122646169819
276,13968,2016-11-01,4.0,Minnesota,3.933333333333333,4.0,3.8666666666666667,65.3494,0.0083169370718048,0.5083169370718048
277,14016,2020-11-01,5.0,Minnesota,6.666666666666667,5.5,6.166666666666668,74.3,0.0363951364856667,0.5363951364856667
278,14708,1980-11-01,8.1,Mississippi,7.833333333333333,8.0,7.224999999999999,67.3,0.0067833220354561,0.4932166779645438
279,14756,1984-11-01,10.6,Mississippi,10.633333333333333,10.633333333333335,10.65,69.3,0.123150350589416,0.3768496494105839
280,14804,1988-11-01,8.7,Mississippi,8.6,8.7,8.583333333333334,62.6,0.1052108295518279,0.3947891704481721
281,14852,1992-11-01,7.5,Mississippi,7.933333333333334,7.700000000000002,8.033333333333333,66.7,0.049284894673842,0.450715105326158
282,14900,1996-11-01,5.8,Mississippi,5.849999999999999,5.8,6.016666666666667,55.1,0.027472237545871,0.472527762454129
283,14948,2000-11-01,5.0,Mississippi,5.25,5.100000000000001,5.358333333333333,59.8,0.0860548483924629,0.4139451516075371
284,14996,2004-11-01,6.6,Mississippi,6.3500000000000005,6.500000000000001,6.075,60.7,0.0950500076962136,0.4049499923037863
285,15044,2008-11-01,7.4,Mississippi,6.983333333333333,7.200000000000002,6.566666666666666,68.2,0.0664193099286384,0.4335806900713616
286,15092,2012-11-01,8.6,Mississippi,8.75,8.666666666666666,8.883333333333333,73.3,0.0580189919878778,0.4419810080121222
287,15140,2016-11-01,5.8,Mississippi,5.883333333333333,5.866666666666668,6.0249999999999995,66.7048,0.0908984732406005,0.4091015267593994
288,15188,2020-11-01,6.7,Mississippi,7.616666666666666,6.866666666666667,7.941666666666666,69.2,0.0838498582738885,0.4161501417261114
289,14074,1976-11-01,6.5,Missouri,6.333333333333333,6.466666666666666,6.154545454545455,63.1,0.0184190712575876,0.5184190712575877
290,14122,1980-11-01,7.7,Missouri,7.666666666666667,7.7,7.008333333333333,67.3,0.0356541434144341,0.4643458565855658
291,14170,1984-11-01,6.8,Missouri,6.95,6.833333333333333,7.541666666666667,65.5,0.1002475066787704,0.3997524933212296
292,14218,1988-11-01,5.8,Missouri,5.8,5.8,5.699999999999999,64.5,0.0199691168097722,0.4800308831902278
293,14266,1992-11-01,6.1,Missouri,6.116666666666667,6.066666666666666,6.183333333333334,66.2,0.0650696610031356,0.5650696610031356
294,14314,1996-11-01,4.8,Missouri,4.733333333333333,4.766666666666667,4.683333333333334,61.1,0.0354703747642815,0.5354703747642815
295,14362,2000-11-01,3.9,Missouri,3.5833333333333335,3.766666666666666,3.3249999999999997,65.4,0.0171194865675067,0.4828805134324933
296,14410,2004-11-01,6.0,Missouri,5.983333333333333,6.0,5.841666666666666,66.3,0.0361971266543985,0.4638028733456015
297,14458,2008-11-01,7.2,Missouri,6.550000000000001,6.8999999999999995,6.033333333333334,64.2,0.0006757914967664,0.4993242085032335
298,14506,2012-11-01,7.0,Missouri,7.050000000000001,7.0,7.258333333333333,62.3,0.0477866675337997,0.4522133324662002
299,14554,2016-11-01,4.5,Missouri,4.6499999999999995,4.599999999999999,4.566666666666666,62.8172,0.0981856099556607,0.4018143900443393
300,14602,2020-11-01,5.2,Missouri,6.3500000000000005,5.5,6.083333333333333,64.5,0.0783582064440144,0.4216417935559855
301,15294,1980-11-01,6.6,Montana,6.633333333333334,6.666666666666667,6.216666666666668,67.6,0.1366524445429527,0.3633475554570473
302,15342,1984-11-01,7.4,Montana,7.5,7.433333333333334,7.55,70.8,0.1130139876368699,0.38698601236313
303,15390,1988-11-01,6.2,Montana,6.516666666666667,6.333333333333333,6.7250000000000005,68.6,0.0298818972138428,0.4701181027861572
304,15438,1992-11-01,6.5,Montana,6.666666666666667,6.6000000000000005,6.741666666666667,71.4,0.017240571248753,0.517240571248753
305,15486,1996-11-01,5.4,Montana,5.433333333333334,5.4,5.583333333333333,67.3,0.0168741045072416,0.4831258954927583
306,15534,2000-11-01,4.7,Montana,4.8,4.733333333333333,4.866666666666666,62.2,0.1365636197866971,0.3634363802133028
307,15582,2004-11-01,4.4,Montana,4.433333333333334,4.4,4.55,69.9,0.1050007617566335,0.3949992382433664
308,15630,2008-11-01,5.8,Montana,5.066666666666666,5.433333333333333,4.5249999999999995,64.7,0.0116940328394072,0.4883059671605927
309,15678,2012-11-01,5.6,Montana,5.75,5.633333333333333,5.8500000000000005,64.5,0.0703423186388146,0.4296576813611854
310,15726,2016-11-01,4.2,Montana,4.283333333333333,4.266666666666667,4.333333333333333,65.2467,0.1110966431702444,0.3889033568297556
311,15774,2020-11-01,4.4,Montana,5.683333333333334,4.733333333333333,5.783333333333334,72.6,0.0839718009204811,0.4160281990795189
312,17052,1980-11-01,4.1,Nebraska,4.166666666666667,4.166666666666667,3.7249999999999996,63.3,0.2158244512821914,0.2841755487178086
313,17100,1984-11-01,4.4,Nebraska,4.4,4.4,4.525,62.7,0.2100475367329299,0.28995246326707
314,17148,1988-11-01,3.2,Nebraska,3.3499999999999996,3.266666666666666,3.5,63.4,0.1055408549417141,0.3944591450582859
315,17196,1992-11-01,2.9,Nebraska,2.9,2.9,2.858333333333333,66.1,0.1131173043233156,0.3868826956766844
316,17244,1996-11-01,2.6,Nebraska,2.65,2.6,2.6750000000000003,61.0,0.1055482250078304,0.3944517749921696
317,17292,2000-11-01,2.9,Nebraska,2.8333333333333335,2.8666666666666667,2.775,58.9,0.1517948086208503,0.3482051913791497
318,17340,2004-11-01,3.9,Nebraska,3.9,3.9,3.9,61.3,0.168473372595947,0.331526627404053
319,17388,2008-11-01,3.7,Nebraska,3.383333333333333,3.533333333333333,3.183333333333333,64.5,0.0760907442216564,0.4239092557783436
320,17436,2012-11-01,3.8,Nebraska,3.8333333333333326,3.8,3.908333333333333,58.2,0.1112939026822537,0.3887060973177463
321,17484,2016-11-01,3.1,Nebraska,3.1166666666666667,3.1333333333333333,3.058333333333333,63.4282,0.1354767411317757,0.3645232588682243
322,17532,2020-11-01,3.0,Nebraska,3.883333333333333,3.1999999999999997,4.283333333333333,62.2,0.0978405224660173,0.4021594775339827
323,19396,1980-11-01,7.1,Nevada,6.883333333333333,7.033333333333334,6.125,49.3,0.1992732866300077,0.3007267133699923
324,19444,1984-11-01,7.7,Nevada,7.683333333333334,7.7,7.699999999999999,46.1,0.1731568155478292,0.3268431844521708
325,19492,1988-11-01,4.9,Nevada,5.1000000000000005,5.0,5.333333333333333,46.9,0.1081858916458566,0.3918141083541434
326,19540,1992-11-01,6.9,Nevada,6.883333333333334,6.9,6.758333333333334,58.1,0.0182477751961772,0.5182477751961773
327,19588,1996-11-01,4.9,Nevada,4.966666666666666,4.9,5.1,47.8,0.0058653135524703,0.5058653135524703
328,19636,2000-11-01,4.4,Nevada,4.2,4.3,4.066666666666666,46.5,0.0185683849967243,0.4814316150032757
329,19684,2004-11-01,4.3,Nevada,4.333333333333333,4.3,4.508333333333333,51.3,0.0131759572486149,0.486824042751385
330,19732,2008-11-01,8.6,Nevada,7.466666666666668,8.1,6.55,52.8,0.063867381251961,0.563867381251961
331,19780,2012-11-01,10.9,Nevada,11.333333333333334,11.066666666666668,11.758333333333335,51.4,0.0340754216334653,0.5340754216334653
332,19828,2016-11-01,5.5,Nevada,5.6499999999999995,5.566666666666666,5.883333333333333,53.4962,0.012937094199852,0.512937094199852
333,19876,2020-11-01,10.3,Nevada,13.949999999999998,11.4,13.258333333333333,56.3,0.012231173400438,0.512231173400438
334,17638,1980-11-01,4.8,New Hampshire,4.916666666666667,4.8999999999999995,4.3999999999999995,68.2,0.1706769237284803,0.3293230762715197
335,17686,1984-11-01,4.3,New Hampshire,4.2,4.266666666666667,4.216666666666667,59.7,0.1893445225440569,0.3106554774559431
336,17734,1988-11-01,2.5,New Hampshire,2.4666666666666663,2.5,2.3583333333333334,58.0,0.1323363272713388,0.3676636727286612
337,17782,1992-11-01,7.3,New Hampshire,7.366666666666666,7.366666666666667,7.283333333333334,64.6,0.007965513554495,0.507965513554495
338,17830,1996-11-01,3.7,New Hampshire,3.766666666666666,3.733333333333333,3.733333333333333,60.1,0.0561163171068921,0.5561163171068921
339,17878,2000-11-01,2.5,New Hampshire,2.5833333333333335,2.5,2.6666666666666665,63.3,0.006678001952188,0.4933219980478119
340,17926,2004-11-01,3.5,New Hampshire,3.6166666666666667,3.533333333333333,3.858333333333333,68.9,0.0069028862013731,0.5069028862013731
341,17974,2008-11-01,4.3,New Hampshire,3.9000000000000004,4.099999999999999,3.6666666666666665,69.8,0.048685411201095,0.548685411201095
342,18022,2012-11-01,5.6,New Hampshire,5.583333333333333,5.6,5.441666666666666,66.9,0.028337519782581,0.528337519782581
343,18070,2016-11-01,2.9,New Hampshire,2.9,2.9,2.891666666666666,66.8524,0.0019702844238069,0.501970284423807
344,18118,2020-11-01,4.8,New Hampshire,6.783333333333334,5.366666666666667,6.575,72.4,0.0374834772159504,0.5374834772159505
345,18176,1976-11-01,10.5,New Jersey,10.416666666666666,10.466666666666667,10.363636363636363,59.1,0.0110066847395071,0.4889933152604929
346,18224,1980-11-01,7.5,New Jersey,7.45,7.5,7.108333333333333,59.6,0.0740914451463127,0.4259085548536872
347,18272,1984-11-01,5.9,New Jersey,6.116666666666667,6.0,6.366666666666667,60.9,0.1052139108149635,0.3947860891850365
348,18320,1988-11-01,3.8,New Jersey,3.75,3.8,3.75,59.5,0.0690115761353518,0.4309884238646482
349,18368,1992-11-01,8.7,New Jersey,8.816666666666666,8.800000000000002,8.424999999999999,61.2,0.0142031835209345,0.5142031835209345
350,18416,1996-11-01,5.9,New Jersey,5.966666666666666,5.9,6.158333333333334,54.7,0.0996679320331269,0.599667932033127
351,18464,2000-11-01,3.7,New Jersey,3.65,3.7,3.6666666666666665,55.2,0.0821140941672092,0.5821140941672093
352,18512,2004-11-01,4.5,New Jersey,4.75,4.6000000000000005,5.016666666666667,57.6,0.0337053631884221,0.5337053631884221
353,18560,2008-11-01,6.5,New Jersey,5.8,6.2,5.25,56.0,0.0786462987142394,0.5786462987142394
354,18608,2012-11-01,9.3,New Jersey,9.4,9.333333333333334,9.391666666666667,54.5,0.0895196555058577,0.5895196555058577
355,18656,2016-11-01,4.8,New Jersey,4.933333333333334,4.866666666666667,4.966666666666667,53.41,0.0728419014290129,0.5728419014290129
356,18704,2020-11-01,7.2,New Jersey,10.65,7.233333333333334,9.200000000000001,68.2,0.0807128358679484,0.5807128358679484
357,18810,1980-11-01,8.0,New Mexico,7.933333333333334,8.0,7.516666666666667,58.8,0.0990826674311105,0.4009173325688895
358,18858,1984-11-01,8.0,New Mexico,7.699999999999999,7.900000000000001,7.741666666666667,61.7,0.103495981291882,0.3965040187081179
359,18906,1988-11-01,6.9,New Mexico,7.266666666666667,7.033333333333334,7.733333333333333,54.5,0.0250991574048535,0.4749008425951464
360,18954,1992-11-01,7.2,New Mexico,7.266666666666667,7.233333333333333,7.308333333333333,62.6,0.0514215676975641,0.5514215676975641
361,19002,1996-11-01,7.3,New Mexico,7.483333333333333,7.3999999999999995,7.491666666666666,51.7,0.0402413056103159,0.5402413056103159
362,19050,2000-11-01,5.0,New Mexico,5.0,5.0,5.041666666666667,51.3,0.0003192602930913,0.5003192602930914
363,19098,2004-11-01,5.5,New Mexico,5.45,5.433333333333334,5.591666666666668,60.9,0.0040033588635489,0.4959966411364511
364,19146,2008-11-01,5.0,New Mexico,4.483333333333333,4.733333333333333,4.158333333333334,57.4,0.0766490001879759,0.5766490001879759
365,19194,2012-11-01,7.0,New Mexico,6.916666666666667,6.933333333333334,6.983333333333333,56.5,0.0529520464690869,0.5529520464690869
366,19242,2016-11-01,6.9,New Mexico,6.883333333333334,6.9,6.7250000000000005,49.4455,0.046507949343241,0.5465079493432411
367,19290,2020-11-01,8.4,New Mexico,8.683333333333334,8.5,7.641666666666667,58.3,0.0551849015171974,0.5551849015171975
368,19934,1976-11-01,10.2,New York,10.2,10.2,10.209090909090909,56.4,0.0344519460870189,0.534451946087019
369,19982,1980-11-01,7.5,New York,7.566666666666666,7.533333333333334,7.3999999999999995,54.8,0.0084486380354196,0.5084486380354196
370,20030,1984-11-01,7.0,New York,7.166666666666667,7.100000000000001,7.3,57.8,0.029417178702889,0.470582821297111
371,20078,1988-11-01,4.5,New York,4.316666666666666,4.4333333333333345,4.2250000000000005,54.0,0.0342205263918793,0.5342205263918793
372,20126,1992-11-01,8.7,New York,8.833333333333334,8.800000000000002,8.633333333333335,56.8,0.1211082540422493,0.6211082540422493
373,20174,1996-11-01,6.3,New York,6.2,6.2,6.25,50.9,0.177320293812358,0.677320293812358
374,20222,2000-11-01,4.3,New York,4.45,4.400000000000001,4.55,51.0,0.1357599158301068,0.6357599158301068
375,20270,2004-11-01,5.3,New York,5.566666666666666,5.400000000000001,5.883333333333333,53.1,0.0982979065644611,0.5982979065644611
376,20318,2008-11-01,6.3,New York,5.666666666666667,6.0,5.241666666666666,51.5,0.1576385737978426,0.6576385737978426
377,20366,2012-11-01,8.4,New York,8.6,8.5,8.641666666666667,50.9,0.1604269487027738,0.6604269487027739
378,20414,2016-11-01,4.9,New York,4.95,4.966666666666667,4.875,50.7469,0.1341150649977537,0.6341150649977537
379,20462,2020-11-01,9.0,New York,10.883333333333333,9.466666666666667,9.5,57.0,0.1171683489301224,0.6171683489301224
380,15832,1976-11-01,6.3,North Carolina,6.05,6.166666666666667,6.172727272727273,48.7,0.0555329249846494,0.5555329249846495
381,15880,1980-11-01,6.7,North Carolina,6.983333333333333,6.900000000000001,6.308333333333334,52.2,0.0109968262974456,0.4890031737025543
382,15928,1984-11-01,6.5,North Carolina,6.449999999999999,6.5,6.675000000000001,56.5,0.1202786294988685,0.3797213705011314
383,15976,1988-11-01,3.6,North Carolina,3.6333333333333333,3.6666666666666665,3.7416666666666667,52.9,0.0815753786855,0.4184246213144999
384,16024,1992-11-01,6.0,North Carolina,6.216666666666666,6.1000000000000005,6.283333333333334,60.0,0.0045846427918672,0.4954153572081328
385,16072,1996-11-01,4.1,North Carolina,4.216666666666666,4.133333333333334,4.383333333333333,54.0,0.0252998666973464,0.4747001333026536
386,16120,2000-11-01,4.1,North Carolina,3.933333333333333,4.066666666666666,3.6916666666666664,53.2,0.0646399698150305,0.4353600301849695
387,16168,2004-11-01,5.7,North Carolina,5.716666666666666,5.7,5.908333333333334,58.2,0.0624197200184111,0.4375802799815888
388,16216,2008-11-01,8.6,North Carolina,6.416666666666667,7.0,5.8500000000000005,63.8,0.0016596330006731,0.5016596330006732
389,16264,2012-11-01,9.5,North Carolina,9.5,9.5,9.558333333333332,63.7,0.0103403490300499,0.48965965096995
390,16312,2016-11-01,5.0,North Carolina,5.05,5.066666666666666,5.133333333333334,61.5973,0.0190374580371872,0.4809625419628128
391,16360,2020-11-01,5.8,North Carolina,7.366666666666666,6.166666666666667,7.116666666666667,58.9,0.0068418253318672,0.4931581746681328
392,16466,1980-11-01,5.2,North Dakota,5.233333333333333,5.266666666666666,4.816666666666666,71.9,0.2098070975212911,0.2901929024787089
393,16514,1984-11-01,5.4,North Dakota,5.383333333333334,5.4,5.341666666666666,71.0,0.1573458238314767,0.3426541761685233
394,16562,1988-11-01,4.6,North Dakota,4.6,4.6,4.624999999999999,73.2,0.0659535572786766,0.4340464427213233
395,16610,1992-11-01,4.6,North Dakota,4.6,4.6,4.558333333333334,71.1,0.0787470477290878,0.4212529522709122
396,16658,1996-11-01,3.1,North Dakota,3.1,3.1,3.15,65.8,0.0391131900584165,0.4608868099415835
397,16706,2000-11-01,2.9,North Dakota,2.9,2.9,2.941666666666667,69.8,0.1472739657061628,0.3527260342938372
398,16754,2004-11-01,3.4,North Dakota,3.4,3.4,3.3833333333333333,70.8,0.1390935414994329,0.3609064585005671
399,16802,2008-11-01,3.4,North Dakota,3.216666666666667,3.2999999999999994,3.0583333333333336,66.3,0.0440865628196812,0.4559134371803188
400,16850,2012-11-01,3.0,North Dakota,2.9333333333333336,2.9666666666666663,2.941666666666667,62.2,0.1011120828891173,0.3988879171108827
401,16898,2016-11-01,3.0,North Dakota,3.066666666666667,3.0,3.108333333333333,62.1371,0.1980924289651975,0.3019075710348025
402,16946,2020-11-01,4.5,North Dakota,5.416666666666667,4.833333333333332,4.758333333333333,65.3,0.1721740842289663,0.3278259157710337
403,20520,1976-11-01,7.5,Ohio,7.516666666666666,7.5,7.745454545454546,59.5,0.0011635459664861,0.5011635459664862
404,20568,1980-11-01,9.1,Ohio,9.116666666666665,9.166666666666666,8.066666666666666,60.7,0.0573548501007462,0.4426451498992538
405,20616,1984-11-01,9.1,Ohio,9.200000000000001,9.1,9.591666666666667,62.3,0.0947068371906832,0.4052931628093167
406,20664,1988-11-01,5.7,Ohio,5.883333333333333,5.8,6.083333333333333,62.1,0.0547406465025074,0.4452593534974925
407,20712,1992-11-01,7.3,Ohio,7.5,7.399999999999999,7.341666666666666,64.3,0.0116816334695452,0.5116816334695452
408,20760,1996-11-01,5.0,Ohio,4.95,4.966666666666666,4.991666666666666,58.7,0.0359694918172054,0.5359694918172054
409,20808,2000-11-01,3.9,Ohio,4.083333333333333,3.9999999999999996,4.141666666666667,58.1,0.0183872222066607,0.4816127777933392
410,20856,2004-11-01,6.4,Ohio,6.3,6.333333333333332,6.224999999999999,64.8,0.010587440047892,0.4894125599521079
411,20904,2008-11-01,7.7,Ohio,7.016666666666666,7.366666666666666,6.400000000000001,64.5,0.0233384076225412,0.5233384076225412
412,20952,2012-11-01,7.3,Ohio,7.25,7.233333333333332,7.458333333333333,61.7,0.0151405676924949,0.5151405676924949
413,21000,2016-11-01,5.3,Ohio,5.1,5.199999999999998,5.041666666666667,61.3801,0.0426768457713591,0.4573231542286409
414,21048,2020-11-01,6.4,Ohio,8.3,6.933333333333333,8.1,68.5,0.0407669764770272,0.4592330235229728
415,21154,1980-11-01,4.3,Oklahoma,4.816666666666666,4.633333333333334,4.041666666666667,59.4,0.1337213328036909,0.366278667196309
416,21202,1984-11-01,6.9,Oklahoma,6.783333333333332,6.833333333333333,6.8,59.7,0.1910982584769895,0.3089017415230104
417,21250,1988-11-01,6.2,Oklahoma,6.283333333333334,6.266666666666666,6.366666666666666,55.6,0.0838981227244167,0.4161018772755833
418,21298,1992-11-01,5.5,Oklahoma,5.75,5.6000000000000005,5.908333333333334,67.5,0.0562211830261867,0.4437788169738132
419,21346,1996-11-01,4.0,Oklahoma,3.8666666666666667,3.9,4.025,58.5,0.0440060910670577,0.4559939089329422
420,21394,2000-11-01,2.9,Oklahoma,2.966666666666667,2.933333333333333,3.016666666666666,58.3,0.1108067122211892,0.3891932877788108
421,21442,2004-11-01,4.5,Oklahoma,4.55,4.5,4.758333333333333,59.2,0.1557040166475606,0.3442959833524394
422,21490,2008-11-01,4.2,Oklahoma,3.7166666666666672,3.933333333333333,3.5250000000000004,56.5,0.156450811226935,0.343549188773065
423,21538,2012-11-01,5.1,Oklahoma,5.1,5.1,5.141666666666667,51.0,0.1677231974301656,0.3322768025698344
424,21586,2016-11-01,4.6,Oklahoma,4.733333333333333,4.666666666666666,4.65,53.186,0.1930473723832814,0.3069526276167186
425,21634,2020-11-01,5.3,Oklahoma,6.449999999999999,5.599999999999999,6.133333333333334,55.5,0.1694003949690651,0.3305996050309349
426,21740,1980-11-01,8.9,Oregon,9.133333333333333,8.966666666666667,8.200000000000001,65.9,0.0555259384357362,0.4444740615642638
427,21788,1984-11-01,9.2,Oregon,9.216666666666667,9.2,9.358333333333333,67.0,0.0610471133933737,0.4389528866066263
428,21836,1988-11-01,5.4,Oregon,5.633333333333333,5.5,5.791666666666667,63.8,0.0238368079759795,0.5238368079759795
429,21884,1992-11-01,7.3,Oregon,7.25,7.3,7.258333333333333,69.1,0.0663389151659281,0.5663389151659282
430,21932,1996-11-01,5.8,Oregon,5.616666666666667,5.699999999999999,5.491666666666667,61.1,0.0469311571965822,0.5469311571965823
431,21980,2000-11-01,5.2,Oregon,5.283333333333333,5.266666666666666,5.183333333333333,60.8,0.0023589198553056,0.5023589198553057
432,22028,2004-11-01,6.9,Oregon,7.199999999999999,7.066666666666666,7.416666666666667,70.6,0.0210862577445007,0.5210862577445008
433,22076,2008-11-01,8.1,Oregon,6.75,7.466666666666666,5.966666666666666,62.6,0.0841372117722718,0.5841372117722718
434,22124,2012-11-01,8.6,Oregon,8.716666666666667,8.633333333333333,8.866666666666667,63.3,0.0627116717874738,0.5627116717874738
435,22172,2016-11-01,4.4,Oregon,4.7,4.533333333333333,4.808333333333334,60.9727,0.0615583894505435,0.5615583894505436
436,22220,2020-11-01,6.6,Oregon,8.05,6.966666666666666,7.333333333333333,71.3,0.0830715698544173,0.5830715698544173
437,22278,1976-11-01,8.0,Pennsylvania,7.933333333333334,7.933333333333334,8.0,57.3,0.0135713909217359,0.513571390921736
438,22326,1980-11-01,8.2,Pennsylvania,8.533333333333333,8.366666666666667,8.066666666666666,54.9,0.0386163586711664,0.4613836413288336
439,22374,1984-11-01,8.6,Pennsylvania,8.816666666666666,8.700000000000001,9.033333333333333,58.6,0.0370073147712164,0.4629926852287835
440,22422,1988-11-01,4.9,Pennsylvania,5.05,5.0,5.191666666666666,54.8,0.0116954699533773,0.4883045300466226
441,22470,1992-11-01,7.3,Pennsylvania,7.483333333333333,7.3999999999999995,7.458333333333333,59.9,0.055485294610153,0.5554852946101531
442,22518,1996-11-01,5.3,Pennsylvania,5.283333333333333,5.233333333333333,5.541666666666667,55.0,0.0516120536083254,0.5516120536083254
443,22566,2000-11-01,4.3,Pennsylvania,4.283333333333333,4.3,4.225,55.7,0.0214847871680314,0.5214847871680315
444,22614,2004-11-01,5.3,Pennsylvania,5.3500000000000005,5.3,5.383333333333334,62.5,0.0125828209706239,0.5125828209706239
445,22662,2008-11-01,6.2,Pennsylvania,5.533333333333334,5.833333333333333,5.2,60.8,0.0522970381548445,0.5522970381548445
446,22710,2012-11-01,7.7,Pennsylvania,7.733333333333333,7.7,7.650000000000001,59.1,0.0273193400189182,0.5273193400189182
447,22758,2016-11-01,5.3,Pennsylvania,5.366666666666667,5.333333333333333,5.3500000000000005,60.2019,0.0037553580749016,0.4962446419250984
448,22806,2020-11-01,7.9,Pennsylvania,9.300000000000002,8.266666666666667,8.608333333333334,68.2,0.0058920525934905,0.5058920525934906
449,23498,1980-11-01,7.3,South Carolina,7.150000000000001,7.233333333333334,6.566666666666666,51.4,0.0063729327017845,0.4936270672982154
450,23546,1984-11-01,6.7,South Carolina,6.8,6.8,7.058333333333334,48.6,0.1411877941412377,0.3588122058587622
451,23594,1988-11-01,4.4,South Carolina,4.516666666666667,4.433333333333333,4.7,49.2,0.1207214556441831,0.3792785443558168
452,23642,1992-11-01,6.9,South Carolina,6.75,6.8,6.7250000000000005,58.0,0.0235684542724027,0.4764315457275972
453,23690,1996-11-01,5.7,South Carolina,5.75,5.7,5.6499999999999995,54.5,0.0311197592198546,0.4688802407801454
454,23738,2000-11-01,3.6,South Carolina,3.6333333333333333,3.6,3.75,58.9,0.0816210606765026,0.4183789393234974
455,23786,2004-11-01,7.5,South Carolina,7.5,7.5,7.416666666666667,62.0,0.086364582597492,0.4136354174025079
456,23834,2008-11-01,8.9,South Carolina,7.8500000000000005,8.433333333333332,7.0,63.4,0.0454442918920913,0.4545557081079087
457,23882,2012-11-01,8.5,South Carolina,8.799999999999999,8.6,9.141666666666667,62.2,0.0530825470456537,0.4469174529543462
458,23930,2016-11-01,4.5,South Carolina,4.75,4.599999999999999,4.991666666666666,59.8218,0.0746025636052402,0.4253974363947598
459,23978,2020-11-01,5.0,South Carolina,6.166666666666667,5.366666666666666,5.783333333333332,61.3,0.059266087495821,0.440733912504179
460,24084,1980-11-01,5.1,South Dakota,5.083333333333333,5.1,4.575,74.5,0.1563345885809965,0.3436654114190034
461,24132,1984-11-01,4.5,South Dakota,4.433333333333334,4.5,4.358333333333333,68.4,0.1329951324356786,0.3670048675643214
462,24180,1988-11-01,4.0,South Dakota,4.0,4.0,4.125,72.0,0.0319237880858589,0.468076211914141
463,24228,1992-11-01,3.5,South Dakota,3.5,3.5,3.4583333333333335,70.2,0.0226103376833864,0.4773896623166135
464,24276,1996-11-01,3.2,South Dakota,3.233333333333333,3.2,3.2999999999999994,64.3,0.0193358539513447,0.4806641460486552
465,24324,2000-11-01,2.7,South Dakota,2.5833333333333335,2.6333333333333333,2.5166666666666666,58.7,0.1161471257237387,0.3838528742762613
466,24372,2004-11-01,3.7,South Dakota,3.6666666666666665,3.7,3.591666666666667,67.1,0.1091329080109368,0.3908670919890631
467,24420,2008-11-01,3.7,South Dakota,3.3000000000000003,3.533333333333333,2.983333333333334,66.1,0.0429570723411538,0.4570429276588462
468,24468,2012-11-01,3.9,South Dakota,4.033333333333333,3.9666666666666663,4.083333333333333,60.1,0.0921849913819524,0.4078150086180476
469,24516,2016-11-01,3.2,South Dakota,3.1333333333333333,3.2,2.983333333333334,57.3368,0.1597185807943125,0.3402814192056875
470,24564,2020-11-01,3.2,South Dakota,4.033333333333333,3.4,4.141666666666667,57.7,0.134347798616815,0.365652201383185
471,24622,1976-11-01,6.4,Tennessee,6.133333333333334,6.266666666666667,6.0636363636363635,55.2,0.0657294458053167,0.5657294458053167
472,24670,1980-11-01,7.9,Tennessee,7.7,7.833333333333333,7.058333333333334,56.7,0.001499224604854,0.4985007753951459
473,24718,1984-11-01,8.2,Tennessee,8.549999999999999,8.333333333333334,9.008333333333335,58.0,0.0818184809445299,0.4181815190554701
474,24766,1988-11-01,5.7,Tennessee,5.816666666666666,5.8,5.816666666666666,51.4,0.0821864050197077,0.4178135949802923
475,24814,1992-11-01,6.3,Tennessee,6.316666666666666,6.3,6.491666666666667,55.6,0.0259803664707596,0.5259803664707596
476,24862,1996-11-01,5.4,Tennessee,5.166666666666667,5.3,5.141666666666667,53.1,0.0128664234186055,0.5128664234186056
477,24910,2000-11-01,3.9,Tennessee,3.9,3.9,3.858333333333333,52.3,0.0196286678517901,0.4803713321482099
478,24958,2004-11-01,5.7,Tennessee,5.45,5.6000000000000005,5.325,52.7,0.0718544545474073,0.4281455454525927
479,25006,2008-11-01,7.7,Tennessee,6.966666666666668,7.333333333333333,6.266666666666667,53.6,0.0763147180235446,0.4236852819764554
480,25054,2012-11-01,7.8,Tennessee,7.883333333333333,7.8,8.0,53.7,0.1035107152629404,0.3964892847370595
481,25102,2016-11-01,4.8,Tennessee,4.816666666666667,4.866666666666667,4.775,52.0201,0.1362434304526198,0.3637565695473801
482,25150,2020-11-01,5.9,Tennessee,7.683333333333333,6.433333333333334,7.324999999999999,63.3,0.1182777037206636,0.3817222962793364
483,25208,1976-11-01,5.7,Texas,5.783333333333334,5.7,5.818181818181818,53.2,0.0159850322837711,0.5159850322837711
484,25256,1980-11-01,5.3,Texas,5.383333333333334,5.366666666666667,5.183333333333334,51.1,0.0716734079381545,0.4283265920618454
485,25304,1984-11-01,6.2,Texas,5.933333333333334,6.033333333333334,6.2250000000000005,54.4,0.1378630517301342,0.3621369482698658
486,25352,1988-11-01,7.1,Texas,7.25,7.166666666666667,7.5,53.9,0.0634633293113727,0.4365366706886273
487,25400,1992-11-01,7.6,Texas,7.716666666666666,7.666666666666667,7.666666666666667,55.6,0.022421631658855,0.477578368341145
488,25448,1996-11-01,5.6,Texas,5.566666666666666,5.533333333333334,5.791666666666667,46.2,0.0266062338212226,0.4733937661787773
489,25496,2000-11-01,4.1,Texas,4.25,4.166666666666667,4.441666666666666,48.2,0.1095627014856294,0.3904372985143706
490,25544,2004-11-01,5.9,Texas,5.916666666666667,5.9,6.066666666666667,50.3,0.1151019189710992,0.3848980810289008
491,25592,2008-11-01,5.6,Texas,5.116666666666666,5.3999999999999995,4.741666666666666,48.8,0.0593593675094071,0.4406406324905928
492,25640,2012-11-01,6.5,Texas,6.6000000000000005,6.5,6.7749999999999995,46.4,0.0800789721510639,0.4199210278489361
493,25688,2016-11-01,4.8,Texas,4.75,4.8,4.625,47.7204,0.0471322557797199,0.4528677442202801
494,25736,2020-11-01,7.0,Texas,8.216666666666667,7.266666666666667,7.441666666666666,55.3,0.0283072123677953,0.4716927876322047
495,27014,1980-11-01,6.1,Vermont,6.333333333333333,6.266666666666667,5.841666666666666,61.3,0.0358930796239664,0.4641069203760335
496,27062,1984-11-01,4.5,Vermont,4.6000000000000005,4.5,5.033333333333333,61.1,0.086649107277791,0.413350892722209
497,27110,1988-11-01,3.2,Vermont,3.033333333333333,3.1333333333333333,3.016666666666666,64.0,0.0178171307672445,0.4821828692327555
498,27158,1992-11-01,6.2,Vermont,6.266666666666667,6.233333333333333,6.25,68.6,0.102542013585069,0.6025420135850691
499,27206,1996-11-01,4.4,Vermont,4.3500000000000005,4.4,4.266666666666667,59.5,0.1318283038406201,0.6318283038406202
500,27254,2000-11-01,2.9,Vermont,2.8666666666666667,2.9,2.8083333333333336,63.3,0.054403508967734,0.554403508967734
501,27302,2004-11-01,3.4,Vermont,3.533333333333333,3.4666666666666663,3.733333333333333,65.4,0.1030100213925115,0.6030100213925116
502,27350,2008-11-01,5.1,Vermont,4.766666666666667,4.933333333333333,4.458333333333333,63.2,0.188991817393381,0.688991817393381
503,27398,2012-11-01,4.7,Vermont,4.8,4.7333333333333325,4.8500000000000005,62.1,0.1824725882639062,0.6824725882639062
504,27446,2016-11-01,3.1,Vermont,3.1,3.1,3.141666666666667,61.0498,0.1518642632382036,0.6518642632382037
505,27494,2020-11-01,4.2,Vermont,5.583333333333333,4.499999999999999,5.466666666666666,67.5,0.1829918655280655,0.6829918655280656
506,26380,1976-11-01,5.7,Virginia,5.766666666666667,5.733333333333333,5.890909090909091,55.2,0.0068641885546366,0.4931358114453634
507,26428,1980-11-01,5.2,Virginia,5.333333333333333,5.233333333333333,5.05,55.2,0.0681586052912446,0.4318413947087553
508,26476,1984-11-01,5.2,Virginia,5.083333333333333,5.133333333333333,5.066666666666667,56.6,0.1267568793921984,0.3732431206078015
509,26524,1988-11-01,4.0,Virginia,3.983333333333333,4.0,3.9,58.0,0.103589460575824,0.3964105394241759
510,26572,1992-11-01,5.8,Virginia,6.05,5.8999999999999995,6.199999999999999,61.2,0.0255501293414344,0.4744498706585656
511,26620,1996-11-01,4.3,Virginia,4.3,4.3,4.316666666666666,56.4,0.0106059450706689,0.4893940549293311
512,26668,2000-11-01,2.1,Virginia,2.1666666666666665,2.1,2.3249999999999997,57.2,0.0414723630583325,0.4585276369416675
513,26716,2004-11-01,3.9,Virginia,4.016666666666667,3.966666666666667,4.108333333333333,58.4,0.0413369671353006,0.4586630328646994
514,26764,2008-11-01,5.0,Virginia,4.5,4.733333333333333,4.125,63.8,0.0318258440612755,0.5318258440612755
515,26812,2012-11-01,5.7,Virginia,5.833333333333333,5.733333333333333,6.0,62.0,0.0196737668876447,0.5196737668876448
516,26860,2016-11-01,4.1,Virginia,4.066666666666666,4.1,4.0,62.6353,0.0282637627715469,0.528263762771547
517,26908,2020-11-01,5.3,Virginia,7.0,5.8999999999999995,6.308333333333334,66.0,0.051546869993999,0.551546869993999
518,27552,1976-11-01,9.3,Washington,8.933333333333334,9.133333333333335,8.727272727272727,64.4,0.0202029356779517,0.4797970643220483
519,27600,1980-11-01,8.4,Washington,8.366666666666667,8.4,7.791666666666667,61.2,0.0709534609488879,0.429046539051112
520,27648,1984-11-01,8.9,Washington,9.066666666666666,8.933333333333332,9.441666666666668,64.5,0.0684635101636629,0.4315364898363371
521,27696,1988-11-01,6.0,Washington,6.183333333333334,6.100000000000001,6.358333333333333,61.9,0.0080771175458581,0.5080771175458582
522,27744,1992-11-01,7.6,Washington,7.3500000000000005,7.5,7.116666666666667,66.3,0.0759170107251122,0.5759170107251123
523,27792,1996-11-01,5.6,Washington,5.766666666666666,5.633333333333333,5.966666666666668,60.0,0.0719465284478128,0.5719465284478128
524,27840,2000-11-01,5.2,Washington,5.183333333333334,5.2,5.05,58.6,0.0294477100940541,0.5294477100940541
525,27888,2004-11-01,6.0,Washington,6.116666666666667,6.033333333333334,6.383333333333333,62.0,0.0364653768345295,0.5364653768345296
526,27936,2008-11-01,6.1,Washington,5.566666666666666,5.833333333333333,5.141666666666667,62.6,0.0875202680210894,0.5875202680210895
527,27984,2012-11-01,7.1,Washington,7.516666666666666,7.233333333333334,7.733333333333333,60.7,0.0762829827062184,0.5762829827062185
528,28032,2016-11-01,5.0,Washington,5.166666666666667,5.066666666666667,5.266666666666667,60.4808,0.0878693120006476,0.5878693120006476
529,28080,2020-11-01,6.9,Washington,8.816666666666668,7.400000000000001,8.283333333333333,64.3,0.0992550318479069,0.599255031847907
530,28772,1980-11-01,11.0,West Virginia,10.883333333333333,11.0,9.883333333333333,58.4,0.0236978172012974,0.5236978172012975
531,28820,1984-11-01,14.3,West Virginia,14.016666666666667,14.200000000000001,14.158333333333333,59.1,0.0527243432459842,0.4472756567540157
532,28868,1988-11-01,9.5,West Virginia,9.75,9.6,10.033333333333333,52.7,0.0237689319762057,0.5237689319762058
533,28916,1992-11-01,10.9,West Virginia,11.183333333333332,11.066666666666668,11.275,57.3,0.0776883808194074,0.5776883808194074
534,28964,1996-11-01,7.5,West Virginia,7.433333333333334,7.433333333333334,7.7,50.2,0.0835466517610785,0.5835466517610786
535,29012,2000-11-01,5.4,West Virginia,5.533333333333332,5.466666666666668,5.625,52.1,0.0324207401593741,0.4675792598406258
536,29060,2004-11-01,5.6,West Virginia,5.633333333333333,5.6,5.808333333333333,57.2,0.0647971062974548,0.4352028937025451
537,29108,2008-11-01,5.4,West Virginia,4.75,5.033333333333333,4.658333333333334,53.1,0.0667374376713725,0.4332625623286275
538,29156,2012-11-01,7.3,West Virginia,7.366666666666667,7.333333333333333,7.258333333333333,47.5,0.1367429763204274,0.3632570236795726
539,29204,2016-11-01,5.8,West Virginia,6.016666666666666,5.8999999999999995,6.158333333333334,50.4223,0.2216105225129578,0.2783894774870422
540,29252,2020-11-01,6.5,West Virginia,8.15,6.966666666666666,8.191666666666668,55.3,0.1979853231392203,0.3020146768607797
541,28138,1976-11-01,5.4,Wisconsin,5.366666666666667,5.4,5.509090909090909,72.4,0.0086164366749966,0.5086164366749967
542,28186,1980-11-01,8.2,Wisconsin,8.216666666666667,8.4,7.108333333333333,74.5,0.0259030857856029,0.4740969142143971
543,28234,1984-11-01,7.0,Wisconsin,7.133333333333333,7.033333333333334,7.375,71.5,0.0462201570962174,0.4537798429037826
544,28282,1988-11-01,4.1,Wisconsin,4.233333333333333,4.166666666666667,4.466666666666667,70.2,0.0182346629456103,0.5182346629456104
545,28330,1992-11-01,5.0,Wisconsin,5.216666666666667,5.166666666666667,5.116666666666667,75.3,0.0279450850211544,0.5279450850211544
546,28378,1996-11-01,3.5,Wisconsin,3.5,3.466666666666667,3.625,62.4,0.0591919666145018,0.5591919666145019
547,28426,2000-11-01,3.6,Wisconsin,3.533333333333333,3.6,3.341666666666667,67.8,0.001150683031578,0.5011506830315781
548,28474,2004-11-01,4.8,Wisconsin,4.883333333333334,4.833333333333333,5.016666666666667,73.0,0.0019180327426924,0.5019180327426924
549,28522,2008-11-01,6.1,Wisconsin,5.183333333333334,5.633333333333333,4.816666666666667,68.5,0.070556782478184,0.5705567824781841
550,28570,2012-11-01,6.8,Wisconsin,6.900000000000001,6.833333333333333,6.941666666666666,71.9,0.0346342998287241,0.5346342998287241
551,28618,2016-11-01,3.7,Wisconsin,3.85,3.7999999999999994,3.9583333333333326,68.7038,0.0040798903802972,0.4959201096197028
552,28666,2020-11-01,5.0,Wisconsin,6.466666666666668,5.333333333333333,6.316666666666666,71.7,0.0031906326653399,0.5031906326653399
553,29358,1980-11-01,4.4,Wyoming,4.1,4.3,3.6999999999999997,59.4,0.1913262597812985,0.3086737402187014
554,29406,1984-11-01,6.6,Wyoming,6.349999999999999,6.5,6.308333333333333,66.3,0.2140039976207191,0.2859960023792809
555,29454,1988-11-01,6.4,Wyoming,6.383333333333334,6.4,6.491666666666667,61.7,0.1142487642257731,0.3857512357742269
556,29502,1992-11-01,5.2,Wyoming,5.3999999999999995,5.3,5.425,64.2,0.0379202342939657,0.4620797657060342
557,29550,1996-11-01,5.1,Wyoming,5.033333333333333,5.066666666666666,4.975,66.2,0.0748791743489598,0.4251208256510402
558,29598,2000-11-01,3.7,Wyoming,3.7,3.7,3.7916666666666665,62.5,0.2098230564031704,0.2901769435968296
559,29646,2004-11-01,3.7,Wyoming,3.783333333333333,3.766666666666667,3.875,66.3,0.2031270317317171,0.2968729682682829
560,29694,2008-11-01,3.4,Wyoming,3.0666666666666664,3.233333333333333,2.841666666666667,62.9,0.1656202335509591,0.3343797664490409
561,29742,2012-11-01,5.2,Wyoming,5.416666666666667,5.3,5.558333333333334,57.8,0.2116063401152143,0.2883936598847857
562,29790,2016-11-01,5.1,Wyoming,5.3,5.166666666666667,5.308333333333334,63.5263,0.2570531962915379,0.2429468037084621
563,29838,2020-11-01,5.5,Wyoming,6.216666666666666,5.666666666666667,5.758333333333333,64.1,0.224804343755851,0.275195656244149
